Transaccion,Transaccion,Transaccion
postres, pasta, ensaladas,
ensaladas, mariscos, pasta,
guisos, empanadas, mariscos,
empanadas, sopas, ensaladas,
mariscos, cereales, pasta,postres,
fideos, sopas, sándwiches,mariscos,postres,
mariscos, fideos, guisos,sopas,
mariscos, ensaladas, pasta,
cereales, sándwiches, pasta,postres,
sándwiches, guisos, sopas,fideos,postres,
sándwiches, postres, ensaladas,,
postres, empanadas, ensaladas,postres,
pasta, empanadas, ensaladas,,
empanadas, cereales, sopas,sándwiches,
sándwiches, cereales, sopas,
postres, mariscos, guisos,sopas,ensaladas,
pasta, sándwiches, fideos,postres,
guisos, empanadas, postres,mariscos,
mariscos, postres, empanadas,guisos,sopas,
empanadas,ensaladas,,mariscos,
sándwiches, guisos, sopas,cereales,
mariscos, ensaladas, sándwiches,cereales,
ensaladas, guisos, sándwiches,
postres, ensaladas, guisos,pasta,
mariscos, ensaladas, sopas,,empanadas,
guisos, sándwiches, sopas,guisos,postres,
sopas, fideos, guisos,,mariscos,
mariscos, cereales, pasta,,sopas,
guisos,, pasta,postres,empanadas,
sándwiches, cereales, guisos,
postres, empanadas, pasta,postres,
sopas, mariscos, ensaladas,fideos,cereales,
sopas, guisos, pasta,sopas,
pasta, mariscos, ensaladas,sándwiches,
sándwiches,  guisos,ensaladas,
cereales, sándwiches, sopas,ensaladas,
guisos, pasta, empanadas,guisos,
fideos, guisos, sándwiches,pasta,
cereales, mariscos, guisos,
mariscos, pasta, guisos,
guisos, cereales, mariscos,
pasta, empanadas, cereales,guisos,
pasta, sopas, fideos,,ensaladas,
fideos, cereales, pasta,mariscos,
sándwiches, sopas, cereales,postres,
empanadas, mariscos, ensaladas,postres,
fideos, ensaladas, guisos,
mariscos, ensaladas, cereales,postres,
mariscos, postres, cereales,empanadas,
empanadas, guisos, postres,sopas,
mariscos, fideos, pasta,empanadas,mariscos,
mariscos, empanadas, fideos,,sándwiches,
ensaladas, guisos, pasta,sándwiches,
pasta, ensaladas, sándwiches,mariscos,pasta,
sándwiches, pasta, ensaladas,guisos,
pasta, mariscos, empanadas,fideos,
mariscos, guisos, sopas,
sándwiches, mariscos, sopas,fideos,empanadas,
cereales, guisos, empanadas,fideos,
fideos, pasta, ensaladas,guisos,
guisos, cereales, sopas,
fideos, mariscos, guisos,fideos,
sopas, ensaladas, fideos,
sopas, pasta, mariscos,sándwiches,sopas,
cereales, sándwiches, sopas,
sándwiches, sopas, postres,
guisos, cereales, ensaladas,
ensaladas, cereales, empanadas,
mariscos, fideos, ensaladas,cereales,
mariscos, postres, guisos,
pasta, ensaladas, mariscos,pasta,
mariscos, fideos, guisos,empanadas,
sopas, empanadas, ensaladas,sopas,
postres, sándwiches, mariscos,mariscos,
pasta, fideos, ensaladas,
sándwiches, fideos, ensaladas,pasta,
guisos, ensaladas, pasta,ensaladas,
pasta, ensaladas, fideos,sándwiches,sopas,
sándwiches, empanadas, pasta,mariscos,
ensaladas, fideos, mariscos,empanadas,ensaladas,
fideos, pasta, cereales,postres,
sándwiches, pasta, ensaladas,cereales,cereales,
postres, ensaladas, sándwiches,
empanadas, postres, sopas,postres,empanadas,
postres, fideos, sopas,postres,fideos,
cereales, empanadas, fideos,,sopas,
guisos, pasta, sopas,fideos,
sopas, mariscos, cereales,mariscos,
guisos, fideos, mariscos,
sopas, sándwiches, empanadas,cereales,postres,
ensaladas, sándwiches, postres,empanadas,
empanadas, cereales, mariscos,sándwiches,guisos,
sándwiches, empanadas, mariscos,
fideos, guisos, sopas,sándwiches,empanadas,
fideos, pasta, postres,,guisos,
empanadas, sopas, sándwiches,pasta,
ensaladas, pasta, cereales,sopas,
postres, empanadas, ensaladas,ensaladas,
fideos, postres, sándwiches,
mariscos, cereales, empanadas,
